start_date,end_date,updated_date_x,forecast_value,production_type,updated_date_y,actual_value
2026-10-07T00:00:00+02:00,2026-10-07T01:00:00+02:00,2026-10-06T16:15:00+02:00,0.0,SOLAR,2026-10-07T01:57:25+02:00,0.0
2026-10-07T01:00:00+02:00,2026-10-07T02:00:00+02:00,2026-10-06T16:15:00+02:00,0.0,SOLAR,2026-10-07T02:57:24+02:00,0.0
2026-10-07T02:00:00+02:00,2026-10-07T03:00:00+02:00,2026-10-06T16:15:00+02:00,0.0,SOLAR,2026-10-07T03:57:23+02:00,0.0
2026-10-07T03:00:00+02:00,2026-10-07T04:00:00+02:00,2026-10-06T16:15:00+02:00,0.0,SOLAR,2026-10-07T04:57:24+02:00,0.0
2026-10-07T04:00:00+02:00,2026-10-07T05:00:00+02:00,2026-10-06T16:15:00+02:00,0.0,SOLAR,2026-10-07T05:57:26+02:00,0.0
2026-10-07T05:00:00+02:00,2026-10-07T06:00:00+02:00,2026-10-06T16:15:00+02:00,0.0,SOLAR,2026-10-07T06:57:29+02:00,0.0
2026-10-07T06:00:00+02:00,2026-10-07T07:00:00+02:00,2026-10-06T16:15:00+02:00,0.0,SOLAR,2026-10-07T07:57:31+02:00,0.0
2026-10-07T07:00:00+02:00,2026-10-07T08:00:00+02:00,2026-10-06T16:15:00+02:00,0.0,SOLAR,2026-10-07T08:57:32+02:00,172.0
2026-10-07T08:00:00+02:00,2026-10-07T09:00:00+02:00,2026-10-06T16:15:00+02:00,0.0,SOLAR,2026-10-07T09:57:32+02:00,751.0
2026-10-07T09:00:00+02:00,2026-10-07T10:00:00+02:00,2026-10-06T16:15:00+02:00,0.0,SOLAR,2026-10-07T10:57:34+02:00,2334.0
2026-10-07T10:00:00+02:00,2026-10-07T11:00:00+02:00,2026-10-06T16:15:00+02:00,0.0,SOLAR,2026-10-07T11:57:35+02:00,4157.0
2026-10-07T11:00:00+02:00,2026-10-07T12:00:00+02:00,2026-10-06T16:15:00+02:00,0.0,SOLAR,2026-10-07T12:57:36+02:00,5733.0
2026-10-07T12:00:00+02:00,2026-10-07T13:00:00+02:00,2026-10-06T16:15:00+02:00,0.0,SOLAR,2026-10-07T13:57:37+02:00,6545.0
2026-10-07T13:00:00+02:00,2026-10-07T14:00:00+02:00,2026-10-06T16:15:00+02:00,0.0,SOLAR,2026-10-07T14:57:38+02:00,6615.0
2026-10-07T14:00:00+02:00,2026-10-07T15:00:00+02:00,2026-10-06T16:15:00+02:00,0.0,SOLAR,2026-10-07T15:57:52+02:00,6249.0
2026-10-07T15:00:00+02:00,2026-10-07T16:00:00+02:00,2026-10-06T16:15:00+02:00,0.0,SOLAR,2026-10-07T16:58:03+02:00,5478.0
2026-10-07T16:00:00+02:00,2026-10-07T17:00:00+02:00,2026-10-06T16:15:00+02:00,0.0,SOLAR,2026-10-07T17:58:06+02:00,4116.0
2026-10-07T17:00:00+02:00,2026-10-07T18:00:00+02:00,2026-10-06T16:15:00+02:00,0.0,SOLAR,2026-10-07T18:58:06+02:00,2573.0
2026-10-07T18:00:00+02:00,2026-10-07T19:00:00+02:00,2026-10-06T16:15:00+02:00,0.0,SOLAR,2026-10-07T19:58:09+02:00,1168.0
2026-10-07T19:00:00+02:00,2026-10-07T20:00:00+02:00,2026-10-06T16:15:00+02:00,0.0,SOLAR,2026-10-07T20:58:12+02:00,345.0
2026-10-07T20:00:00+02:00,2026-10-07T21:00:00+02:00,2026-10-06T16:15:00+02:00,0.0,SOLAR,2026-10-07T21:58:12+02:00,0.0
2026-10-07T21:00:00+02:00,2026-10-07T22:00:00+02:00,2026-10-06T16:15:00+02:00,0.0,SOLAR,2026-10-07T22:58:13+02:00,0.0
2026-10-07T22:00:00+02:00,2026-10-07T23:00:00+02:00,2026-10-06T16:15:00+02:00,0.0,SOLAR,2026-10-07T23:58:15+02:00,0.0
2026-10-07T23:00:00+02:00,2026-10-08T00:00:00+02:00,2026-10-06T16:15:00+02:00,0.0,SOLAR,2026-10-08T00:56:41+02:00,0.0
2026-10-08T00:00:00+02:00,2026-10-08T01:00:00+02:00,2026-10-06T16:15:00+02:00,0.0,SOLAR,,
2026-10-08T01:00:00+02:00,2026-10-08T02:00:00+02:00,2026-10-06T16:15:00+02:00,0.0,SOLAR,,
2026-10-08T02:00:00+02:00,2026-10-08T03:00:00+02:00,2026-10-06T16:15:00+02:00,0.0,SOLAR,,
2026-10-08T03:00:00+02:00,2026-10-08T04:00:00+02:00,2026-10-06T16:15:00+02:00,0.0,SOLAR,,
2026-10-08T04:00:00+02:00,2026-10-08T05:00:00+02:00,2026-10-06T16:15:00+02:00,0.0,SOLAR,,
2026-10-08T05:00:00+02:00,2026-10-08T06:00:00+02:00,2026-10-06T16:15:00+02:00,0.0,SOLAR,,
2026-10-08T06:00:00+02:00,2026-10-08T07:00:00+02:00,2026-10-06T16:15:00+02:00,0.0,SOLAR,,
2026-10-08T07:00:00+02:00,2026-10-08T08:00:00+02:00,2026-10-06T16:15:00+02:00,0.0,SOLAR,,
2026-10-08T08:00:00+02:00,2026-10-08T09:00:00+02:00,2026-10-06T16:15:00+02:00,12.68,SOLAR,,
2026-10-08T09:00:00+02:00,2026-10-08T10:00:00+02:00,2026-10-06T16:15:00+02:00,236.13,SOLAR,,
2026-10-08T10:00:00+02:00,2026-10-08T11:00:00+02:00,2026-10-06T16:15:00+02:00,577.47,SOLAR,,
2026-10-08T11:00:00+02:00,2026-10-08T12:00:00+02:00,2026-10-06T16:15:00+02:00,1027.61,SOLAR,,
2026-10-08T12:00:00+02:00,2026-10-08T13:00:00+02:00,2026-10-06T16:15:00+02:00,1548.83,SOLAR,,
2026-10-08T13:00:00+02:00,2026-10-08T14:00:00+02:00,2026-10-06T16:15:00+02:00,2234.74,SOLAR,,
2026-10-08T14:00:00+02:00,2026-10-08T15:00:00+02:00,2026-10-06T16:15:00+02:00,2856.1,SOLAR,,
2026-10-08T15:00:00+02:00,2026-10-08T16:00:00+02:00,2026-10-06T16:15:00+02:00,3510.96,SOLAR,,
2026-10-08T16:00:00+02:00,2026-10-08T17:00:00+02:00,2026-10-06T16:15:00+02:00,4186.24,SOLAR,,
2026-10-08T17:00:00+02:00,2026-10-08T18:00:00+02:00,2026-10-06T16:15:00+02:00,5047.86,SOLAR,,
2026-10-08T18:00:00+02:00,2026-10-08T19:00:00+02:00,2026-10-06T16:15:00+02:00,5762.91,SOLAR,,
2026-10-08T19:00:00+02:00,2026-10-08T20:00:00+02:00,2026-10-06T16:15:00+02:00,6325.37,SOLAR,,
2026-10-08T20:00:00+02:00,2026-10-08T21:00:00+02:00,2026-10-06T16:15:00+02:00,6891.45,SOLAR,,
2026-10-08T21:00:00+02:00,2026-10-08T22:00:00+02:00,2026-10-06T16:15:00+02:00,7559.67,SOLAR,,
2026-10-08T22:00:00+02:00,2026-10-08T23:00:00+02:00,2026-10-06T16:15:00+02:00,8130.63,SOLAR,,
2026-10-08T23:00:00+02:00,2026-10-09T00:00:00+02:00,2026-10-06T16:15:00+02:00,8527.88,SOLAR,,
2026-10-09T00:00:00+02:00,2026-10-09T01:00:00+02:00,2026-10-06T16:15:00+02:00,8972.3,SOLAR,,
2026-10-09T01:00:00+02:00,2026-10-09T02:00:00+02:00,2026-10-06T16:15:00+02:00,9433.85,SOLAR,,
2026-10-09T02:00:00+02:00,2026-10-09T03:00:00+02:00,2026-10-06T16:15:00+02:00,9895.47,SOLAR,,
2026-10-09T03:00:00+02:00,2026-10-09T04:00:00+02:00,2026-10-06T16:15:00+02:00,9975.41,SOLAR,,
2026-10-09T04:00:00+02:00,2026-10-09T05:00:00+02:00,2026-10-06T16:15:00+02:00,10049.32,SOLAR,,
2026-10-09T05:00:00+02:00,2026-10-09T06:00:00+02:00,2026-10-06T16:15:00+02:00,10171.02,SOLAR,,
2026-10-09T06:00:00+02:00,2026-10-09T07:00:00+02:00,2026-10-06T16:15:00+02:00,10280.72,SOLAR,,
2026-10-09T07:00:00+02:00,2026-10-09T08:00:00+02:00,2026-10-06T16:15:00+02:00,10125.53,SOLAR,,
2026-10-09T08:00:00+02:00,2026-10-09T09:00:00+02:00,2026-10-06T16:15:00+02:00,9899.46,SOLAR,,
2026-10-09T09:00:00+02:00,2026-10-09T10:00:00+02:00,2026-10-06T16:15:00+02:00,9794.97,SOLAR,,
2026-10-09T10:00:00+02:00,2026-10-09T11:00:00+02:00,2026-10-06T16:15:00+02:00,9620.35,SOLAR,,
2026-10-09T11:00:00+02:00,2026-10-09T12:00:00+02:00,2026-10-06T16:15:00+02:00,9382.72,SOLAR,,
2026-10-09T12:00:00+02:00,2026-10-09T13:00:00+02:00,2026-10-06T16:15:00+02:00,9079.02,SOLAR,,
2026-10-09T13:00:00+02:00,2026-10-09T14:00:00+02:00,2026-10-06T16:15:00+02:00,8833.53,SOLAR,,
2026-10-09T14:00:00+02:00,2026-10-09T15:00:00+02:00,2026-10-06T16:15:00+02:00,8584.82,SOLAR,,
2026-10-09T15:00:00+02:00,2026-10-09T16:00:00+02:00,2026-10-06T16:15:00+02:00,8072.53,SOLAR,,
2026-10-09T16:00:00+02:00,2026-10-09T17:00:00+02:00,2026-10-06T16:15:00+02:00,7587.0,SOLAR,,
2026-10-09T17:00:00+02:00,2026-10-09T18:00:00+02:00,2026-10-06T16:15:00+02:00,7179.07,SOLAR,,
2026-10-09T18:00:00+02:00,2026-10-09T19:00:00+02:00,2026-10-06T16:15:00+02:00,6727.06,SOLAR,,
2026-10-09T19:00:00+02:00,2026-10-09T20:00:00+02:00,2026-10-06T16:15:00+02:00,6098.18,SOLAR,,
2026-10-09T20:00:00+02:00,2026-10-09T21:00:00+02:00,2026-10-06T16:15:00+02:00,5386.24,SOLAR,,
2026-10-09T21:00:00+02:00,2026-10-09T22:00:00+02:00,2026-10-06T16:15:00+02:00,4744.02,SOLAR,,
2026-10-09T22:00:00+02:00,2026-10-09T23:00:00+02:00,2026-10-06T16:15:00+02:00,4077.05,SOLAR,,
2026-10-09T23:00:00+02:00,2026-10-10T00:00:00+02:00,2026-10-06T16:15:00+02:00,3391.9,SOLAR,,
2026-10-10T00:00:00+02:00,2026-10-10T01:00:00+02:00,2026-10-06T16:15:00+02:00,2700.5,SOLAR,,
2026-10-10T01:00:00+02:00,2026-10-10T02:00:00+02:00,2026-10-06T16:15:00+02:00,2062.51,SOLAR,,
2026-10-10T02:00:00+02:00,2026-10-10T03:00:00+02:00,2026-10-06T16:15:00+02:00,1460.66,SOLAR,,
2026-10-10T03:00:00+02:00,2026-10-10T04:00:00+02:00,2026-10-06T16:15:00+02:00,1044.75,SOLAR,,
2026-10-10T04:00:00+02:00,2026-10-10T05:00:00+02:00,2026-10-06T16:15:00+02:00,698.64,SOLAR,,
2026-10-10T05:00:00+02:00,2026-10-10T06:00:00+02:00,2026-10-06T16:15:00+02:00,409.68,SOLAR,,
2026-10-10T06:00:00+02:00,2026-10-10T07:00:00+02:00,2026-10-06T16:15:00+02:00,159.24,SOLAR,,
2026-10-10T07:00:00+02:00,2026-10-10T08:00:00+02:00,2026-10-06T16:15:00+02:00,4.72,SOLAR,,
2026-10-10T08:00:00+02:00,2026-10-10T09:00:00+02:00,2026-10-06T16:15:00+02:00,0.0,SOLAR,,
2026-10-10T09:00:00+02:00,2026-10-10T10:00:00+02:00,2026-10-06T16:15:00+02:00,0.0,SOLAR,,
2026-10-10T10:00:00+02:00,2026-10-10T11:00:00+02:00,2026-10-06T16:15:00+02:00,0.0,SOLAR,,
2026-10-10T11:00:00+02:00,2026-10-10T12:00:00+02:00,2026-10-06T16:15:00+02:00,0.0,SOLAR,,
2026-10-10T12:00:00+02:00,2026-10-10T13:00:00+02:00,2026-10-06T16:15:00+02:00,0.0,SOLAR,,
2026-10-10T13:00:00+02:00,2026-10-10T14:00:00+02:00,2026-10-06T16:15:00+02:00,0.0,SOLAR,,
2026-10-10T14:00:00+02:00,2026-10-10T15:00:00+02:00,2026-10-06T16:15:00+02:00,0.0,SOLAR,,
2026-10-10T15:00:00+02:00,2026-10-10T16:00:00+02:00,2026-10-06T16:15:00+02:00,0.0,SOLAR,,
2026-10-10T16:00:00+02:00,2026-10-10T17:00:00+02:00,2026-10-06T16:15:00+02:00,0.0,SOLAR,,
2026-10-10T17:00:00+02:00,2026-10-10T18:00:00+02:00,2026-10-06T16:15:00+02:00,0.0,SOLAR,,
2026-10-10T18:00:00+02:00,2026-10-10T19:00:00+02:00,2026-10-06T16:15:00+02:00,0.0,SOLAR,,
2026-10-10T19:00:00+02:00,2026-10-10T20:00:00+02:00,2026-10-06T16:15:00+02:00,0.0,SOLAR,,
2026-10-10T20:00:00+02:00,2026-10-10T21:00:00+02:00,2026-10-06T16:15:00+02:00,0.0,SOLAR,,
2026-10-10T21:00:00+02:00,2026-10-10T22:00:00+02:00,2026-10-06T16:15:00+02:00,0.0,SOLAR,,
2026-10-10T22:00:00+02:00,2026-10-10T23:00:00+02:00,2026-10-06T16:15:00+02:00,0.0,SOLAR,,
2026-10-10T23:00:00+02:00,2026-10-11T00:00:00+02:00,2026-10-06T16:15:00+02:00,0.0,SOLAR,,
2026-10-07T00:00:00+02:00,2026-10-07T01:00:00+02:00,2026-10-06T16:15:00+02:00,564.31,WIND_OFFSHORE,2026-10-07T01:57:25+02:00,328.0
2026-10-07T01:00:00+02:00,2026-10-07T02:00:00+02:00,2026-10-06T16:15:00+02:00,568.27,WIND_OFFSHORE,2026-10-07T02:57:24+02:00,346.0
2026-10-07T02:00:00+02:00,2026-10-07T03:00:00+02:00,2026-10-06T16:15:00+02:00,572.23,WIND_OFFSHORE,2026-10-07T03:57:23+02:00,302.0
2026-10-07T03:00:00+02:00,2026-10-07T04:00:00+02:00,2026-10-06T16:15:00+02:00,576.19,WIND_OFFSHORE,2026-10-07T04:57:24+02:00,250.0
2026-10-07T04:00:00+02:00,2026-10-07T05:00:00+02:00,2026-10-06T16:15:00+02:00,580.15,WIND_OFFSHORE,2026-10-07T05:57:26+02:00,154.0
2026-10-07T05:00:00+02:00,2026-10-07T06:00:00+02:00,2026-10-06T16:15:00+02:00,559.79,WIND_OFFSHORE,2026-10-07T06:57:29+02:00,67.0
2026-10-07T06:00:00+02:00,2026-10-07T07:00:00+02:00,2026-10-06T16:15:00+02:00,539.4,WIND_OFFSHORE,2026-10-07T07:57:31+02:00,144.0
2026-10-07T07:00:00+02:00,2026-10-07T08:00:00+02:00,2026-10-06T16:15:00+02:00,519.01,WIND_OFFSHORE,2026-10-07T08:57:32+02:00,315.0
2026-10-07T08:00:00+02:00,2026-10-07T09:00:00+02:00,2026-10-06T16:15:00+02:00,498.64,WIND_OFFSHORE,2026-10-07T09:57:32+02:00,719.0
2026-10-07T09:00:00+02:00,2026-10-07T10:00:00+02:00,2026-10-06T16:15:00+02:00,460.43,WIND_OFFSHORE,2026-10-07T10:57:34+02:00,722.0
2026-10-07T10:00:00+02:00,2026-10-07T11:00:00+02:00,2026-10-06T16:15:00+02:00,422.22,WIND_OFFSHORE,2026-10-07T11:57:35+02:00,852.0
2026-10-07T11:00:00+02:00,2026-10-07T12:00:00+02:00,2026-10-06T16:15:00+02:00,384.0,WIND_OFFSHORE,2026-10-07T12:57:36+02:00,1112.0
2026-10-07T12:00:00+02:00,2026-10-07T13:00:00+02:00,2026-10-06T16:15:00+02:00,345.79,WIND_OFFSHORE,2026-10-07T13:57:37+02:00,1265.0
2026-10-07T13:00:00+02:00,2026-10-07T14:00:00+02:00,2026-10-06T16:15:00+02:00,298.05,WIND_OFFSHORE,2026-10-07T14:57:38+02:00,1425.0
2026-10-07T14:00:00+02:00,2026-10-07T15:00:00+02:00,2026-10-06T16:15:00+02:00,250.29,WIND_OFFSHORE,2026-10-07T15:57:52+02:00,1639.0
2026-10-07T15:00:00+02:00,2026-10-07T16:00:00+02:00,2026-10-06T16:15:00+02:00,202.55,WIND_OFFSHORE,2026-10-07T16:58:03+02:00,1854.0
2026-10-07T16:00:00+02:00,2026-10-07T17:00:00+02:00,2026-10-06T16:15:00+02:00,154.8,WIND_OFFSHORE,2026-10-07T17:58:06+02:00,1942.0
2026-10-07T17:00:00+02:00,2026-10-07T18:00:00+02:00,2026-10-06T16:15:00+02:00,147.21,WIND_OFFSHORE,2026-10-07T18:58:06+02:00,1982.0
2026-10-07T18:00:00+02:00,2026-10-07T19:00:00+02:00,2026-10-06T16:15:00+02:00,139.64,WIND_OFFSHORE,2026-10-07T19:58:09+02:00,2056.0
2026-10-07T19:00:00+02:00,2026-10-07T20:00:00+02:00,2026-10-06T16:15:00+02:00,132.04,WIND_OFFSHORE,2026-10-07T20:58:12+02:00,2080.0
2026-10-07T20:00:00+02:00,2026-10-07T21:00:00+02:00,2026-10-06T16:15:00+02:00,124.45,WIND_OFFSHORE,2026-10-07T21:58:12+02:00,2082.0
2026-10-07T21:00:00+02:00,2026-10-07T22:00:00+02:00,2026-10-06T16:15:00+02:00,140.4,WIND_OFFSHORE,2026-10-07T22:58:13+02:00,2077.0
2026-10-07T22:00:00+02:00,2026-10-07T23:00:00+02:00,2026-10-06T16:15:00+02:00,156.31,WIND_OFFSHORE,2026-10-07T23:58:15+02:00,1945.0
2026-10-07T23:00:00+02:00,2026-10-08T00:00:00+02:00,2026-10-06T16:15:00+02:00,172.23,WIND_OFFSHORE,2026-10-08T00:56:41+02:00,1948.0
2026-10-08T00:00:00+02:00,2026-10-08T01:00:00+02:00,2026-10-06T16:15:00+02:00,188.9,WIND_OFFSHORE,,
2026-10-08T01:00:00+02:00,2026-10-08T02:00:00+02:00,2026-10-06T16:15:00+02:00,249.92,WIND_OFFSHORE,,
2026-10-08T02:00:00+02:00,2026-10-08T03:00:00+02:00,2026-10-06T16:15:00+02:00,311.77,WIND_OFFSHORE,,
2026-10-08T03:00:00+02:00,2026-10-08T04:00:00+02:00,2026-10-06T16:15:00+02:00,373.8,WIND_OFFSHORE,,
2026-10-08T04:00:00+02:00,2026-10-08T05:00:00+02:00,2026-10-06T16:15:00+02:00,435.82,WIND_OFFSHORE,,
2026-10-08T05:00:00+02:00,2026-10-08T06:00:00+02:00,2026-10-06T16:15:00+02:00,450.61,WIND_OFFSHORE,,
2026-10-08T06:00:00+02:00,2026-10-08T07:00:00+02:00,2026-10-06T16:15:00+02:00,465.38,WIND_OFFSHORE,,
2026-10-08T07:00:00+02:00,2026-10-08T08:00:00+02:00,2026-10-06T16:15:00+02:00,480.16,WIND_OFFSHORE,,
2026-10-08T08:00:00+02:00,2026-10-08T09:00:00+02:00,2026-10-06T16:15:00+02:00,494.95,WIND_OFFSHORE,,
2026-10-08T09:00:00+02:00,2026-10-08T10:00:00+02:00,2026-10-06T16:15:00+02:00,508.48,WIND_OFFSHORE,,
2026-10-08T10:00:00+02:00,2026-10-08T11:00:00+02:00,2026-10-06T16:15:00+02:00,522.01,WIND_OFFSHORE,,
2026-10-08T11:00:00+02:00,2026-10-08T12:00:00+02:00,2026-10-06T16:15:00+02:00,535.53,WIND_OFFSHORE,,
2026-10-08T12:00:00+02:00,2026-10-08T13:00:00+02:00,2026-10-06T16:15:00+02:00,549.06,WIND_OFFSHORE,,
2026-10-08T13:00:00+02:00,2026-10-08T14:00:00+02:00,2026-10-06T16:15:00+02:00,569.38,WIND_OFFSHORE,,
2026-10-08T14:00:00+02:00,2026-10-08T15:00:00+02:00,2026-10-06T16:15:00+02:00,589.71,WIND_OFFSHORE,,
2026-10-08T15:00:00+02:00,2026-10-08T16:00:00+02:00,2026-10-06T16:15:00+02:00,610.05,WIND_OFFSHORE,,
2026-10-08T16:00:00+02:00,2026-10-08T17:00:00+02:00,2026-10-06T16:15:00+02:00,630.5,WIND_OFFSHORE,,
2026-10-08T17:00:00+02:00,2026-10-08T18:00:00+02:00,2026-10-06T16:15:00+02:00,655.4,WIND_OFFSHORE,,
2026-10-08T18:00:00+02:00,2026-10-08T19:00:00+02:00,2026-10-06T16:15:00+02:00,680.28,WIND_OFFSHORE,,
2026-10-08T19:00:00+02:00,2026-10-08T20:00:00+02:00,2026-10-06T16:15:00+02:00,705.19,WIND_OFFSHORE,,
2026-10-08T20:00:00+02:00,2026-10-08T21:00:00+02:00,2026-10-06T16:15:00+02:00,730.07,WIND_OFFSHORE,,
2026-10-08T21:00:00+02:00,2026-10-08T22:00:00+02:00,2026-10-06T16:15:00+02:00,784.98,WIND_OFFSHORE,,
2026-10-08T22:00:00+02:00,2026-10-08T23:00:00+02:00,2026-10-06T16:15:00+02:00,839.89,WIND_OFFSHORE,,
2026-10-08T23:00:00+02:00,2026-10-09T00:00:00+02:00,2026-10-06T16:15:00+02:00,894.78,WIND_OFFSHORE,,
2026-10-09T00:00:00+02:00,2026-10-09T01:00:00+02:00,2026-10-06T16:15:00+02:00,949.69,WIND_OFFSHORE,,
2026-10-09T01:00:00+02:00,2026-10-09T02:00:00+02:00,2026-10-06T16:15:00+02:00,977.89,WIND_OFFSHORE,,
2026-10-09T02:00:00+02:00,2026-10-09T03:00:00+02:00,2026-10-06T16:15:00+02:00,1006.09,WIND_OFFSHORE,,
2026-10-09T03:00:00+02:00,2026-10-09T04:00:00+02:00,2026-10-06T16:15:00+02:00,1034.28,WIND_OFFSHORE,,
2026-10-09T04:00:00+02:00,2026-10-09T05:00:00+02:00,2026-10-06T16:15:00+02:00,1062.49,WIND_OFFSHORE,,
2026-10-09T05:00:00+02:00,2026-10-09T06:00:00+02:00,2026-10-06T16:15:00+02:00,1072.32,WIND_OFFSHORE,,
2026-10-09T06:00:00+02:00,2026-10-09T07:00:00+02:00,2026-10-06T16:15:00+02:00,1082.15,WIND_OFFSHORE,,
2026-10-09T07:00:00+02:00,2026-10-09T08:00:00+02:00,2026-10-06T16:15:00+02:00,1091.99,WIND_OFFSHORE,,
2026-10-09T08:00:00+02:00,2026-10-09T09:00:00+02:00,2026-10-06T16:15:00+02:00,1101.82,WIND_OFFSHORE,,
2026-10-09T09:00:00+02:00,2026-10-09T10:00:00+02:00,2026-10-06T16:15:00+02:00,1108.73,WIND_OFFSHORE,,
2026-10-09T10:00:00+02:00,2026-10-09T11:00:00+02:00,2026-10-06T16:15:00+02:00,1115.63,WIND_OFFSHORE,,
2026-10-09T11:00:00+02:00,2026-10-09T12:00:00+02:00,2026-10-06T16:15:00+02:00,1122.52,WIND_OFFSHORE,,
2026-10-09T12:00:00+02:00,2026-10-09T13:00:00+02:00,2026-10-06T16:15:00+02:00,1129.44,WIND_OFFSHORE,,
2026-10-09T13:00:00+02:00,2026-10-09T14:00:00+02:00,2026-10-06T16:15:00+02:00,1205.91,WIND_OFFSHORE,,
2026-10-09T14:00:00+02:00,2026-10-09T15:00:00+02:00,2026-10-06T16:15:00+02:00,1282.37,WIND_OFFSHORE,,
2026-10-09T15:00:00+02:00,2026-10-09T16:00:00+02:00,2026-10-06T16:15:00+02:00,1358.85,WIND_OFFSHORE,,
2026-10-09T16:00:00+02:00,2026-10-09T17:00:00+02:00,2026-10-06T16:15:00+02:00,1435.32,WIND_OFFSHORE,,
2026-10-09T17:00:00+02:00,2026-10-09T18:00:00+02:00,2026-10-06T16:15:00+02:00,1495.93,WIND_OFFSHORE,,
2026-10-09T18:00:00+02:00,2026-10-09T19:00:00+02:00,2026-10-06T16:15:00+02:00,1556.52,WIND_OFFSHORE,,
2026-10-09T19:00:00+02:00,2026-10-09T20:00:00+02:00,2026-10-06T16:15:00+02:00,1617.1,WIND_OFFSHORE,,
2026-10-09T20:00:00+02:00,2026-10-09T21:00:00+02:00,2026-10-06T16:15:00+02:00,1677.71,WIND_OFFSHORE,,
2026-10-09T21:00:00+02:00,2026-10-09T22:00:00+02:00,2026-10-06T16:15:00+02:00,1684.51,WIND_OFFSHORE,,
2026-10-09T22:00:00+02:00,2026-10-09T23:00:00+02:00,2026-10-06T16:15:00+02:00,1691.3,WIND_OFFSHORE,,
2026-10-09T23:00:00+02:00,2026-10-10T00:00:00+02:00,2026-10-06T16:15:00+02:00,1698.09,WIND_OFFSHORE,,
2026-10-10T00:00:00+02:00,2026-10-10T01:00:00+02:00,2026-10-06T16:15:00+02:00,1704.9,WIND_OFFSHORE,,
2026-10-10T01:00:00+02:00,2026-10-10T02:00:00+02:00,2026-10-06T16:15:00+02:00,1705.32,WIND_OFFSHORE,,
2026-10-10T02:00:00+02:00,2026-10-10T03:00:00+02:00,2026-10-06T16:15:00+02:00,1705.72,WIND_OFFSHORE,,
2026-10-10T03:00:00+02:00,2026-10-10T04:00:00+02:00,2026-10-06T16:15:00+02:00,1706.14,WIND_OFFSHORE,,
2026-10-10T04:00:00+02:00,2026-10-10T05:00:00+02:00,2026-10-06T16:15:00+02:00,1706.54,WIND_OFFSHORE,,
2026-10-10T05:00:00+02:00,2026-10-10T06:00:00+02:00,2026-10-06T16:15:00+02:00,1721.85,WIND_OFFSHORE,,
2026-10-10T06:00:00+02:00,2026-10-10T07:00:00+02:00,2026-10-06T16:15:00+02:00,1737.14,WIND_OFFSHORE,,
2026-10-10T07:00:00+02:00,2026-10-10T08:00:00+02:00,2026-10-06T16:15:00+02:00,1752.46,WIND_OFFSHORE,,
2026-10-10T08:00:00+02:00,2026-10-10T09:00:00+02:00,2026-10-06T16:15:00+02:00,1767.76,WIND_OFFSHORE,,
2026-10-10T09:00:00+02:00,2026-10-10T10:00:00+02:00,2026-10-06T16:15:00+02:00,1763.55,WIND_OFFSHORE,,
2026-10-10T10:00:00+02:00,2026-10-10T11:00:00+02:00,2026-10-06T16:15:00+02:00,1759.33,WIND_OFFSHORE,,
2026-10-10T11:00:00+02:00,2026-10-10T12:00:00+02:00,2026-10-06T16:15:00+02:00,1755.12,WIND_OFFSHORE,,
2026-10-10T12:00:00+02:00,2026-10-10T13:00:00+02:00,2026-10-06T16:15:00+02:00,1750.91,WIND_OFFSHORE,,
2026-10-10T13:00:00+02:00,2026-10-10T14:00:00+02:00,2026-10-06T16:15:00+02:00,1756.28,WIND_OFFSHORE,,
2026-10-10T14:00:00+02:00,2026-10-10T15:00:00+02:00,2026-10-06T16:15:00+02:00,1761.66,WIND_OFFSHORE,,
2026-10-10T15:00:00+02:00,2026-10-10T16:00:00+02:00,2026-10-06T16:15:00+02:00,1767.04,WIND_OFFSHORE,,
2026-10-10T16:00:00+02:00,2026-10-10T17:00:00+02:00,2026-10-06T16:15:00+02:00,1772.43,WIND_OFFSHORE,,
2026-10-10T17:00:00+02:00,2026-10-10T18:00:00+02:00,2026-10-06T16:15:00+02:00,1762.55,WIND_OFFSHORE,,
2026-10-10T18:00:00+02:00,2026-10-10T19:00:00+02:00,2026-10-06T16:15:00+02:00,1752.7,WIND_OFFSHORE,,
2026-10-10T19:00:00+02:00,2026-10-10T20:00:00+02:00,2026-10-06T16:15:00+02:00,1742.83,WIND_OFFSHORE,,
2026-10-10T20:00:00+02:00,2026-10-10T21:00:00+02:00,2026-10-06T16:15:00+02:00,1732.97,WIND_OFFSHORE,,
2026-10-10T21:00:00+02:00,2026-10-10T22:00:00+02:00,2026-10-06T16:15:00+02:00,1721.13,WIND_OFFSHORE,,
2026-10-10T22:00:00+02:00,2026-10-10T23:00:00+02:00,2026-10-06T16:15:00+02:00,1709.26,WIND_OFFSHORE,,
2026-10-10T23:00:00+02:00,2026-10-11T00:00:00+02:00,2026-10-06T16:15:00+02:00,1697.42,WIND_OFFSHORE,,
2026-10-07T00:00:00+02:00,2026-10-07T01:00:00+02:00,2026-10-06T16:15:00+02:00,4216.52,WIND_ONSHORE,2026-10-07T01:57:25+02:00,4333.0
2026-10-07T01:00:00+02:00,2026-10-07T02:00:00+02:00,2026-10-06T16:15:00+02:00,4149.67,WIND_ONSHORE,2026-10-07T02:57:24+02:00,3759.0
2026-10-07T02:00:00+02:00,2026-10-07T03:00:00+02:00,2026-10-06T16:15:00+02:00,4082.83,WIND_ONSHORE,2026-10-07T03:57:23+02:00,3027.0
2026-10-07T03:00:00+02:00,2026-10-07T04:00:00+02:00,2026-10-06T16:15:00+02:00,4015.99,WIND_ONSHORE,2026-10-07T04:57:24+02:00,2820.0
2026-10-07T04:00:00+02:00,2026-10-07T05:00:00+02:00,2026-10-06T16:15:00+02:00,3949.18,WIND_ONSHORE,2026-10-07T05:57:26+02:00,2660.0
2026-10-07T05:00:00+02:00,2026-10-07T06:00:00+02:00,2026-10-06T16:15:00+02:00,3866.59,WIND_ONSHORE,2026-10-07T06:57:29+02:00,2611.0
2026-10-07T06:00:00+02:00,2026-10-07T07:00:00+02:00,2026-10-06T16:15:00+02:00,3784.06,WIND_ONSHORE,2026-10-07T07:57:31+02:00,2719.0
2026-10-07T07:00:00+02:00,2026-10-07T08:00:00+02:00,2026-10-06T16:15:00+02:00,3701.53,WIND_ONSHORE,2026-10-07T08:57:32+02:00,2824.0
2026-10-07T08:00:00+02:00,2026-10-07T09:00:00+02:00,2026-10-06T16:15:00+02:00,3618.98,WIND_ONSHORE,2026-10-07T09:57:32+02:00,2895.0
2026-10-07T09:00:00+02:00,2026-10-07T10:00:00+02:00,2026-10-06T16:15:00+02:00,3561.82,WIND_ONSHORE,2026-10-07T10:57:34+02:00,2676.0
2026-10-07T10:00:00+02:00,2026-10-07T11:00:00+02:00,2026-10-06T16:15:00+02:00,3504.7,WIND_ONSHORE,2026-10-07T11:57:35+02:00,2103.0
2026-10-07T11:00:00+02:00,2026-10-07T12:00:00+02:00,2026-10-06T16:15:00+02:00,3447.6,WIND_ONSHORE,2026-10-07T12:57:36+02:00,2002.0
2026-10-07T12:00:00+02:00,2026-10-07T13:00:00+02:00,2026-10-06T16:15:00+02:00,3390.49,WIND_ONSHORE,2026-10-07T13:57:37+02:00,2282.0
2026-10-07T13:00:00+02:00,2026-10-07T14:00:00+02:00,2026-10-06T16:15:00+02:00,3355.85,WIND_ONSHORE,2026-10-07T14:57:38+02:00,2599.0
2026-10-07T14:00:00+02:00,2026-10-07T15:00:00+02:00,2026-10-06T16:15:00+02:00,3321.3,WIND_ONSHORE,2026-10-07T15:57:52+02:00,3007.0
2026-10-07T15:00:00+02:00,2026-10-07T16:00:00+02:00,2026-10-06T16:15:00+02:00,3286.89,WIND_ONSHORE,2026-10-07T16:58:03+02:00,3536.0
2026-10-07T16:00:00+02:00,2026-10-07T17:00:00+02:00,2026-10-06T16:15:00+02:00,3253.0,WIND_ONSHORE,2026-10-07T17:58:06+02:00,3821.0
2026-10-07T17:00:00+02:00,2026-10-07T18:00:00+02:00,2026-10-06T16:15:00+02:00,3210.35,WIND_ONSHORE,2026-10-07T18:58:06+02:00,3912.0
2026-10-07T18:00:00+02:00,2026-10-07T19:00:00+02:00,2026-10-06T16:15:00+02:00,3167.79,WIND_ONSHORE,2026-10-07T19:58:09+02:00,4379.0
2026-10-07T19:00:00+02:00,2026-10-07T20:00:00+02:00,2026-10-06T16:15:00+02:00,3125.39,WIND_ONSHORE,2026-10-07T20:58:12+02:00,5039.0
2026-10-07T20:00:00+02:00,2026-10-07T21:00:00+02:00,2026-10-06T16:15:00+02:00,3083.0,WIND_ONSHORE,2026-10-07T21:58:12+02:00,6009.0
2026-10-07T21:00:00+02:00,2026-10-07T22:00:00+02:00,2026-10-06T16:15:00+02:00,3104.02,WIND_ONSHORE,2026-10-07T22:58:13+02:00,7484.0
2026-10-07T22:00:00+02:00,2026-10-07T23:00:00+02:00,2026-10-06T16:15:00+02:00,3125.23,WIND_ONSHORE,2026-10-07T23:58:15+02:00,8958.0
2026-10-07T23:00:00+02:00,2026-10-08T00:00:00+02:00,2026-10-06T16:15:00+02:00,3146.55,WIND_ONSHORE,2026-10-08T00:56:41+02:00,9769.0
2026-10-08T00:00:00+02:00,2026-10-08T01:00:00+02:00,2026-10-06T16:15:00+02:00,3168.11,WIND_ONSHORE,,
2026-10-08T01:00:00+02:00,2026-10-08T02:00:00+02:00,2026-10-06T16:15:00+02:00,3153.65,WIND_ONSHORE,,
2026-10-08T02:00:00+02:00,2026-10-08T03:00:00+02:00,2026-10-06T16:15:00+02:00,3139.29,WIND_ONSHORE,,
2026-10-08T03:00:00+02:00,2026-10-08T04:00:00+02:00,2026-10-06T16:15:00+02:00,3124.94,WIND_ONSHORE,,
2026-10-08T04:00:00+02:00,2026-10-08T05:00:00+02:00,2026-10-06T16:15:00+02:00,3110.94,WIND_ONSHORE,,
2026-10-08T05:00:00+02:00,2026-10-08T06:00:00+02:00,2026-10-06T16:15:00+02:00,3096.36,WIND_ONSHORE,,
2026-10-08T06:00:00+02:00,2026-10-08T07:00:00+02:00,2026-10-06T16:15:00+02:00,3081.93,WIND_ONSHORE,,
2026-10-08T07:00:00+02:00,2026-10-08T08:00:00+02:00,2026-10-06T16:15:00+02:00,3067.76,WIND_ONSHORE,,
2026-10-08T08:00:00+02:00,2026-10-08T09:00:00+02:00,2026-10-06T16:15:00+02:00,3053.79,WIND_ONSHORE,,
2026-10-08T09:00:00+02:00,2026-10-08T10:00:00+02:00,2026-10-06T16:15:00+02:00,2995.62,WIND_ONSHORE,,
2026-10-08T10:00:00+02:00,2026-10-08T11:00:00+02:00,2026-10-06T16:15:00+02:00,2937.8,WIND_ONSHORE,,
2026-10-08T11:00:00+02:00,2026-10-08T12:00:00+02:00,2026-10-06T16:15:00+02:00,2880.1,WIND_ONSHORE,,
2026-10-08T12:00:00+02:00,2026-10-08T13:00:00+02:00,2026-10-06T16:15:00+02:00,2822.69,WIND_ONSHORE,,
2026-10-08T13:00:00+02:00,2026-10-08T14:00:00+02:00,2026-10-06T16:15:00+02:00,2803.8,WIND_ONSHORE,,
2026-10-08T14:00:00+02:00,2026-10-08T15:00:00+02:00,2026-10-06T16:15:00+02:00,2785.58,WIND_ONSHORE,,
2026-10-08T15:00:00+02:00,2026-10-08T16:00:00+02:00,2026-10-06T16:15:00+02:00,2767.86,WIND_ONSHORE,,
2026-10-08T16:00:00+02:00,2026-10-08T17:00:00+02:00,2026-10-06T16:15:00+02:00,2750.46,WIND_ONSHORE,,
2026-10-08T17:00:00+02:00,2026-10-08T18:00:00+02:00,2026-10-06T16:15:00+02:00,2567.9,WIND_ONSHORE,,
2026-10-08T18:00:00+02:00,2026-10-08T19:00:00+02:00,2026-10-06T16:15:00+02:00,2385.4,WIND_ONSHORE,,
2026-10-08T19:00:00+02:00,2026-10-08T20:00:00+02:00,2026-10-06T16:15:00+02:00,2202.96,WIND_ONSHORE,,
2026-10-08T20:00:00+02:00,2026-10-08T21:00:00+02:00,2026-10-06T16:15:00+02:00,2020.63,WIND_ONSHORE,,
2026-10-08T21:00:00+02:00,2026-10-08T22:00:00+02:00,2026-10-06T16:15:00+02:00,2043.38,WIND_ONSHORE,,
2026-10-08T22:00:00+02:00,2026-10-08T23:00:00+02:00,2026-10-06T16:15:00+02:00,2066.37,WIND_ONSHORE,,
2026-10-08T23:00:00+02:00,2026-10-09T00:00:00+02:00,2026-10-06T16:15:00+02:00,2089.4,WIND_ONSHORE,,
2026-10-09T00:00:00+02:00,2026-10-09T01:00:00+02:00,2026-10-06T16:15:00+02:00,2112.43,WIND_ONSHORE,,
2026-10-09T01:00:00+02:00,2026-10-09T02:00:00+02:00,2026-10-06T16:15:00+02:00,2213.82,WIND_ONSHORE,,
2026-10-09T02:00:00+02:00,2026-10-09T03:00:00+02:00,2026-10-06T16:15:00+02:00,2315.23,WIND_ONSHORE,,
2026-10-09T03:00:00+02:00,2026-10-09T04:00:00+02:00,2026-10-06T16:15:00+02:00,2416.66,WIND_ONSHORE,,
2026-10-09T04:00:00+02:00,2026-10-09T05:00:00+02:00,2026-10-06T16:15:00+02:00,2518.16,WIND_ONSHORE,,
2026-10-09T05:00:00+02:00,2026-10-09T06:00:00+02:00,2026-10-06T16:15:00+02:00,2638.11,WIND_ONSHORE,,
2026-10-09T06:00:00+02:00,2026-10-09T07:00:00+02:00,2026-10-06T16:15:00+02:00,2758.4,WIND_ONSHORE,,
2026-10-09T07:00:00+02:00,2026-10-09T08:00:00+02:00,2026-10-06T16:15:00+02:00,2878.78,WIND_ONSHORE,,
2026-10-09T08:00:00+02:00,2026-10-09T09:00:00+02:00,2026-10-06T16:15:00+02:00,2999.27,WIND_ONSHORE,,
2026-10-09T09:00:00+02:00,2026-10-09T10:00:00+02:00,2026-10-06T16:15:00+02:00,3158.64,WIND_ONSHORE,,
2026-10-09T10:00:00+02:00,2026-10-09T11:00:00+02:00,2026-10-06T16:15:00+02:00,3318.87,WIND_ONSHORE,,
2026-10-09T11:00:00+02:00,2026-10-09T12:00:00+02:00,2026-10-06T16:15:00+02:00,3479.6,WIND_ONSHORE,,
2026-10-09T12:00:00+02:00,2026-10-09T13:00:00+02:00,2026-10-06T16:15:00+02:00,3640.34,WIND_ONSHORE,,
2026-10-09T13:00:00+02:00,2026-10-09T14:00:00+02:00,2026-10-06T16:15:00+02:00,3720.67,WIND_ONSHORE,,
2026-10-09T14:00:00+02:00,2026-10-09T15:00:00+02:00,2026-10-06T16:15:00+02:00,3801.12,WIND_ONSHORE,,
2026-10-09T15:00:00+02:00,2026-10-09T16:00:00+02:00,2026-10-06T16:15:00+02:00,3881.74,WIND_ONSHORE,,
2026-10-09T16:00:00+02:00,2026-10-09T17:00:00+02:00,2026-10-06T16:15:00+02:00,3963.13,WIND_ONSHORE,,
2026-10-09T17:00:00+02:00,2026-10-09T18:00:00+02:00,2026-10-06T16:15:00+02:00,4029.33,WIND_ONSHORE,,
2026-10-09T18:00:00+02:00,2026-10-09T19:00:00+02:00,2026-10-06T16:15:00+02:00,4095.91,WIND_ONSHORE,,
2026-10-09T19:00:00+02:00,2026-10-09T20:00:00+02:00,2026-10-06T16:15:00+02:00,4162.58,WIND_ONSHORE,,
2026-10-09T20:00:00+02:00,2026-10-09T21:00:00+02:00,2026-10-06T16:15:00+02:00,4229.35,WIND_ONSHORE,,
2026-10-09T21:00:00+02:00,2026-10-09T22:00:00+02:00,2026-10-06T16:15:00+02:00,4382.72,WIND_ONSHORE,,
2026-10-09T22:00:00+02:00,2026-10-09T23:00:00+02:00,2026-10-06T16:15:00+02:00,4536.39,WIND_ONSHORE,,
2026-10-09T23:00:00+02:00,2026-10-10T00:00:00+02:00,2026-10-06T16:15:00+02:00,4690.18,WIND_ONSHORE,,
2026-10-10T00:00:00+02:00,2026-10-10T01:00:00+02:00,2026-10-06T16:15:00+02:00,4843.95,WIND_ONSHORE,,
2026-10-10T01:00:00+02:00,2026-10-10T02:00:00+02:00,2026-10-06T16:15:00+02:00,5096.55,WIND_ONSHORE,,
2026-10-10T02:00:00+02:00,2026-10-10T03:00:00+02:00,2026-10-06T16:15:00+02:00,5349.34,WIND_ONSHORE,,
2026-10-10T03:00:00+02:00,2026-10-10T04:00:00+02:00,2026-10-06T16:15:00+02:00,5602.12,WIND_ONSHORE,,
2026-10-10T04:00:00+02:00,2026-10-10T05:00:00+02:00,2026-10-06T16:15:00+02:00,5854.92,WIND_ONSHORE,,
2026-10-10T05:00:00+02:00,2026-10-10T06:00:00+02:00,2026-10-06T16:15:00+02:00,6094.64,WIND_ONSHORE,,
2026-10-10T06:00:00+02:00,2026-10-10T07:00:00+02:00,2026-10-06T16:15:00+02:00,6334.37,WIND_ONSHORE,,
2026-10-10T07:00:00+02:00,2026-10-10T08:00:00+02:00,2026-10-06T16:15:00+02:00,6574.09,WIND_ONSHORE,,
2026-10-10T08:00:00+02:00,2026-10-10T09:00:00+02:00,2026-10-06T16:15:00+02:00,6813.88,WIND_ONSHORE,,
2026-10-10T09:00:00+02:00,2026-10-10T10:00:00+02:00,2026-10-06T16:15:00+02:00,7178.11,WIND_ONSHORE,,
2026-10-10T10:00:00+02:00,2026-10-10T11:00:00+02:00,2026-10-06T16:15:00+02:00,7542.35,WIND_ONSHORE,,
2026-10-10T11:00:00+02:00,2026-10-10T12:00:00+02:00,2026-10-06T16:15:00+02:00,7906.6,WIND_ONSHORE,,
2026-10-10T12:00:00+02:00,2026-10-10T13:00:00+02:00,2026-10-06T16:15:00+02:00,8270.88,WIND_ONSHORE,,
2026-10-10T13:00:00+02:00,2026-10-10T14:00:00+02:00,2026-10-06T16:15:00+02:00,8580.21,WIND_ONSHORE,,
2026-10-10T14:00:00+02:00,2026-10-10T15:00:00+02:00,2026-10-06T16:15:00+02:00,8889.55,WIND_ONSHORE,,
2026-10-10T15:00:00+02:00,2026-10-10T16:00:00+02:00,2026-10-06T16:15:00+02:00,9198.9,WIND_ONSHORE,,
2026-10-10T16:00:00+02:00,2026-10-10T17:00:00+02:00,2026-10-06T16:15:00+02:00,9508.24,WIND_ONSHORE,,
2026-10-10T17:00:00+02:00,2026-10-10T18:00:00+02:00,2026-10-06T16:15:00+02:00,9763.09,WIND_ONSHORE,,
2026-10-10T18:00:00+02:00,2026-10-10T19:00:00+02:00,2026-10-06T16:15:00+02:00,10017.9,WIND_ONSHORE,,
2026-10-10T19:00:00+02:00,2026-10-10T20:00:00+02:00,2026-10-06T16:15:00+02:00,10272.73,WIND_ONSHORE,,
2026-10-10T20:00:00+02:00,2026-10-10T21:00:00+02:00,2026-10-06T16:15:00+02:00,10527.55,WIND_ONSHORE,,
2026-10-10T21:00:00+02:00,2026-10-10T22:00:00+02:00,2026-10-06T16:15:00+02:00,10686.49,WIND_ONSHORE,,
2026-10-10T22:00:00+02:00,2026-10-10T23:00:00+02:00,2026-10-06T16:15:00+02:00,10845.46,WIND_ONSHORE,,
2026-10-10T23:00:00+02:00,2026-10-11T00:00:00+02:00,2026-10-06T16:15:00+02:00,11004.4,WIND_ONSHORE,,
